Timestamp,DifferentialPressure,Pressure,Temperature,Volume,FlowTime
9/1/2019 12:00:00 AM,251.97243,10.014692,19.80196,529.7225,36.033333
9/1/2019 1:00:00 AM,309.9574,9.607192,19.725842,257.22314,15.983334
9/1/2019 2:00:00 AM,316.12656,9.751566,18.842646,255.23624,15.316667
9/1/2019 3:00:00 AM,0,9.962419,17.5273,0,0
9/1/2019 4:00:00 AM,314.5542,9.728289,17.425348,237.36552,14.283334
9/1/2019 5:00:00 AM,244.12822,9.839726,16.161697,63.683083,4.35
9/1/2019 6:00:00 AM,295.46283,9.994541,18.362816,737.99036,46.083332
9/1/2019 7:00:00 AM,356.60947,10.032209,18.97114,990.3107,55.283333
9/1/2019 8:00:00 AM,667.76227,10.1486025,20.533594,1461.5614,60
9/1/2019 9:00:00 AM,409.4413,10.183231,21.422752,1183.0267,60
9/1/2019 10:00:00 AM,877.21985,9.895251,22.055695,1604.0396,60
9/1/2019 11:00:00 AM,1125.2153,10.048726,22.399069,1878.1643,60
9/1/2019 12:00:00 PM,1093.8162,10.178086,23.426662,1881.6213,60
9/1/2019 1:00:00 PM,519.0697,10.319739,24.847532,1330.2123,60
9/1/2019 2:00:00 PM,535.29785,10.390024,25.526476,1364.2355,60
9/1/2019 3:00:00 PM,524.2161,10.356869,25.63847,1348.132,60
9/1/2019 4:00:00 PM,490.3379,10.349623,24.495447,1261.2412,58.833332
9/1/2019 5:00:00 PM,849.6091,10.27247,23.60991,1659.5265,60
9/1/2019 6:00:00 PM,717.45685,10.2047,22.788816,1524.6414,60
9/1/2019 7:00:00 PM,554.2502,10.180265,22.168282,1381.9114,60
9/1/2019 8:00:00 PM,1045.8407,10.261401,21.689484,1824.0571,60
9/1/2019 9:00:00 PM,439.5593,10.204403,21.235268,1234.4147,60
9/1/2019 10:00:00 PM,457.59952,10.220878,20.826319,1261.2649,60
9/1/2019 11:00:00 PM,392.73697,10.418729,20.455061,1090.7776,56.9
9/2/2019 12:00:00 AM,313.75632,10.257684,19.595436,544.58575,32.416668
9/2/2019 1:00:00 AM,362.02136,9.160022,18.23462,339.34482,19.7
9/2/2019 2:00:00 AM,311.7057,9.183895,16.499432,188.07343,11.75
9/2/2019 3:00:00 AM,0,9.426881,15.621612,0,0
9/2/2019 4:00:00 AM,289.51572,9.305437,15.312483,162.24622,10.466666
9/2/2019 5:00:00 AM,283.8996,9.28561,14.762533,150.4515,9.816667
9/2/2019 6:00:00 AM,307.31265,9.858684,14.890556,214.40973,13.75
9/2/2019 7:00:00 AM,317.59717,9.813981,17.402231,902.65234,54.566666
9/2/2019 8:00:00 AM,411.38242,9.804495,19.417694,1163.8568,59.916668
9/2/2019 9:00:00 AM,1195.8456,9.7960005,21.842552,1934.0256,60
9/2/2019 10:00:00 AM,983.7792,9.874677,23.534977,1757.6788,60
9/2/2019 11:00:00 AM,1503.3857,9.854262,24.174803,2225.038,60
9/2/2019 12:00:00 PM,1481.8617,9.908776,24.691658,2212.1172,60
9/2/2019 1:00:00 PM,563.9281,9.919663,25.686108,1353.3828,60
9/2/2019 2:00:00 PM,1097.6091,9.852379,25.26659,1820.3212,60
9/2/2019 3:00:00 PM,400.0219,9.8920555,26.055258,1080.143,58.45
9/2/2019 4:00:00 PM,530.2517,9.745573,25.26115,1308.4808,60
9/2/2019 5:00:00 PM,555.20374,9.81498,24.765455,1351.6984,60
9/2/2019 6:00:00 PM,854.8826,9.780074,23.882881,1569.8622,58.566666
9/2/2019 7:00:00 PM,722.6472,9.741613,22.704668,1512.023,60
9/2/2019 8:00:00 PM,1474.1168,9.772569,21.166048,2191.5537,60
9/2/2019 9:00:00 PM,556.79987,9.953479,20.853464,1343.3262,59.65
9/2/2019 10:00:00 PM,415.95663,9.909913,20.529047,1081.3538,57.266666
9/2/2019 11:00:00 PM,370.7143,9.951565,20.046513,847.66504,48.083332
9/3/2019 12:00:00 AM,271.05475,9.883769,18.812471,620.25854,42.15
9/3/2019 1:00:00 AM,206.69345,9.891428,16.884047,116.441666,8.85
9/3/2019 2:00:00 AM,305.97678,9.786714,17.478172,197.93082,11.916667
9/3/2019 3:00:00 AM,0,10.110865,15.214827,0,0
9/3/2019 4:00:00 AM,274.7669,9.860031,16.241348,254.48871,16.133333
9/3/2019 5:00:00 AM,275.19016,9.91162,15.891409,215.4382,13.5
9/3/2019 6:00:00 AM,259.5835,9.902004,15.604565,228.2996,14.9
9/3/2019 7:00:00 AM,617.0418,9.792647,18.037384,1360.3356,60
9/3/2019 8:00:00 AM,662.688,9.825774,19.477423,1421.7839,59.683334
9/3/2019 9:00:00 AM,989.8277,9.836727,21.654936,1774.8855,60
9/3/2019 10:00:00 AM,1479.4462,9.75385,23.325283,2195.4236,60
9/3/2019 11:00:00 AM,1556.3242,9.991367,24.524076,2274.6794,60
9/3/2019 12:00:00 PM,1459.9132,10.3047905,25.26103,2239.009,60
9/3/2019 1:00:00 PM,1226.3485,10.322552,25.62231,2027.3207,60
9/3/2019 2:00:00 PM,773.3217,10.253657,26.215445,1589.1371,60
9/3/2019 3:00:00 PM,494.86002,10.387586,26.242579,1253.9133,58.25
9/3/2019 4:00:00 PM,541.21387,10.111873,25.833313,1352.5311,60
9/3/2019 5:00:00 PM,1136.2416,10.283544,24.942896,1931.6803,60
9/3/2019 6:00:00 PM,929.7508,10.279906,24.420853,1721.4216,60
9/3/2019 7:00:00 PM,1135.0221,10.124952,22.847359,1924.3239,60
9/3/2019 8:00:00 PM,1561.9661,10.375971,21.953604,2337.37,60
9/3/2019 9:00:00 PM,1277.8633,10.510249,21.750399,2083.1873,60
9/3/2019 10:00:00 PM,343.04312,10.726148,21.423399,1118.17,60
9/3/2019 11:00:00 PM,274.41275,10.624968,21.242579,841.4393,52.216667
9/4/2019 12:00:00 AM,234.05013,10.684687,21.256828,588.99695,39.9
9/4/2019 1:00:00 AM,275.52502,10.451722,19.67289,331.04874,20.366667
9/4/2019 2:00:00 AM,0,10.755997,18.863504,0,0
9/4/2019 3:00:00 AM,0,10.727332,16.6542,0,0
9/4/2019 4:00:00 AM,248.21758,10.449642,17.229467,198.85873,12.9
9/4/2019 5:00:00 AM,236.24103,10.518636,16.93806,183.7694,12.2
9/4/2019 6:00:00 AM,309.7766,10.437999,17.63538,361.4078,20.816668
9/4/2019 7:00:00 AM,1059.9323,10.461553,19.676474,1847.8954,60
9/4/2019 8:00:00 AM,1485.6151,10.465394,21.051031,2291.3782,60
9/4/2019 9:00:00 AM,1311.8784,10.276638,23.094065,2121.4768,60
9/4/2019 10:00:00 AM,1466.907,9.856202,24.047106,2197.7056,60
9/4/2019 11:00:00 AM,1534.6019,10.550524,24.906694,2322.1907,60
9/4/2019 12:00:00 PM,1441.8103,10.597505,25.631527,2256.309,60
9/4/2019 1:00:00 PM,895.9915,10.639273,26.676483,1709.307,60
9/4/2019 2:00:00 PM,592.294,10.678631,27.006748,1393.0118,60
9/4/2019 3:00:00 PM,1341.0674,10.545494,25.837038,2166.6494,60
9/4/2019 4:00:00 PM,1110.9875,10.809612,25.50464,1962.2971,60
9/4/2019 5:00:00 PM,795.9785,10.612077,25.456995,1635.2859,60
9/4/2019 6:00:00 PM,1459.2516,10.623691,23.886106,2279.7827,60
9/4/2019 7:00:00 PM,750.67957,10.66406,22.980204,1614.6814,60
9/4/2019 8:00:00 PM,1472.0897,10.347695,21.580156,2267.0154,60
9/4/2019 9:00:00 PM,1547.5088,10.570975,21.311697,2351.76,60
9/4/2019 10:00:00 PM,906.4945,10.722723,21.014917,1678.3735,59.466667
9/4/2019 11:00:00 PM,575.7533,10.55473,20.536407,1326.3126,59.133335
9/5/2019 12:00:00 AM,188.52501,10.729568,20.157087,215.90059,16.683332
9/5/2019 1:00:00 AM,254.70123,10.432457,18.440659,298.99405,19.766666
9/5/2019 2:00:00 AM,256.7209,10.446613,17.2296,199.2264,12.966666
9/5/2019 3:00:00 AM,0,10.534712,17.07245,0,0
9/5/2019 4:00:00 AM,0,10.526309,15.869494,0,0
9/5/2019 5:00:00 AM,266.71756,10.445833,16.252964,259.55045,16.35
9/5/2019 6:00:00 AM,295.4006,10.53013,17.272812,537.44604,31.766666
9/5/2019 7:00:00 AM,1484.9609,10.475954,19.551332,2294.942,60
9/5/2019 8:00:00 AM,953.7735,10.548809,20.155111,1779.9312,60
9/5/2019 9:00:00 AM,1129.229,10.522944,21.559175,1967.6888,60
9/5/2019 10:00:00 AM,1463.9225,10.737384,22.885355,2297.7812,60
9/5/2019 11:00:00 AM,1413.547,10.769156,23.803177,2260.1702,60
9/5/2019 12:00:00 PM,1366.5896,10.66549,24.53478,2201.6787,60
9/5/2019 1:00:00 PM,693.6761,10.8515215,25.879396,1498.8269,60
9/5/2019 2:00:00 PM,1209.0038,10.787253,25.859648,2049.2046,60
9/5/2019 3:00:00 PM,1126.0299,10.800293,25.851706,1957.3882,60
9/5/2019 4:00:00 PM,962.9027,10.836126,25.724672,1778.9434,60
9/5/2019 5:00:00 PM,1112.6211,10.810852,24.961035,1947.3635,60
9/5/2019 6:00:00 PM,1259.3159,11.363112,24.321665,2167.7979,60
9/5/2019 7:00:00 PM,814.26013,11.458275,22.813606,1687.3109,60
9/5/2019 8:00:00 PM,1426.6536,11.323059,21.959778,2337.3674,60
9/5/2019 9:00:00 PM,1438.1241,11.331033,21.818438,2348.1045,60
9/5/2019 10:00:00 PM,628.7474,10.763684,21.125895,1243.3673,53.866665
9/5/2019 11:00:00 PM,304.96204,9.213661,19.856438,891.45917,56
9/6/2019 12:00:00 AM,250.88657,9.205504,18.928768,450.40378,31.716667
9/6/2019 1:00:00 AM,532.81726,8.799576,18.423944,523.8752,27
9/6/2019 2:00:00 AM,0,9.00836,17.679195,0,0
9/6/2019 3:00:00 AM,273.3082,8.864114,16.757565,215.04503,14.55
9/6/2019 4:00:00 AM,0,9.025935,16.585423,0,0
9/6/2019 5:00:00 AM,268.12125,8.840666,17.300661,342.49454,23.583334
9/6/2019 6:00:00 AM,282.3372,9.953506,18.034998,636.5986,40.733334
9/6/2019 7:00:00 AM,1351.4146,10.13679,19.186775,2117.7073,60
9/6/2019 8:00:00 AM,885.30115,10.157632,20.161781,1665.4171,59.683334
9/6/2019 9:00:00 AM,1074.8799,10.381956,21.922352,1878.4506,60
9/6/2019 10:00:00 AM,1442.9639,10.7769785,23.483109,2285.2126,60
9/6/2019 11:00:00 AM,1418.958,10.654604,24.064684,2250.92,60
9/6/2019 12:00:00 PM,1075.7095,10.665703,24.612686,1888.4603,60
9/6/2019 1:00:00 PM,1029.5354,10.807251,24.731024,1805.8486,59.166668
9/6/2019 2:00:00 PM,640.00146,10.683202,25.572681,1408.6656,60
9/6/2019 3:00:00 PM,1397.8274,10.665222,24.359219,2234.0042,60
9/6/2019 4:00:00 PM,1043.945,10.56003,24.365633,1859.7916,60
9/6/2019 5:00:00 PM,1465.8713,10.608722,23.868368,2282.6611,60
9/6/2019 6:00:00 PM,917.2732,10.71685,23.713667,1727.9756,60
9/6/2019 7:00:00 PM,1417.2598,10.67316,22.367043,2250.325,60
9/6/2019 8:00:00 PM,1054.4119,10.8141165,21.430346,1885.2705,60
9/6/2019 9:00:00 PM,1451.9156,10.322242,21.137753,2244.7673,60
9/6/2019 10:00:00 PM,920.125,9.531461,20.316765,1614.2374,60
9/6/2019 11:00:00 PM,297.17682,9.404958,19.426222,845.7054,53.716667
9/7/2019 12:00:00 AM,261.0952,8.971203,18.470865,684.0216,47.783333
9/7/2019 1:00:00 AM,218.44655,8.999989,18.02808,295.90723,23.016666
9/7/2019 2:00:00 AM,0,8.883397,15.896619,0,0
9/7/2019 3:00:00 AM,332.204,8.827612,16.387001,230.55885,14.2
9/7/2019 4:00:00 AM,0,8.955715,15.187169,0,0
9/7/2019 5:00:00 AM,307.6978,8.835699,15.262063,153.51826,9.933333
9/7/2019 6:00:00 AM,373.3235,9.789379,17.164944,517.9651,28.55
9/7/2019 7:00:00 AM,1252.2946,9.698228,19.46798,1960.1893,60
9/7/2019 8:00:00 AM,1606.3887,9.637674,20.433693,2288.0872,60
9/7/2019 9:00:00 AM,1259.2971,9.746939,21.67689,2007.5712,60
9/7/2019 10:00:00 AM,1572.7146,9.992745,22.58737,2295.2925,60
9/7/2019 11:00:00 AM,1349.3435,10.7020645,23.417814,2188.7048,60
9/7/2019 12:00:00 PM,887.77515,10.854292,24.394339,1709.36,60
9/7/2019 1:00:00 PM,692.815,10.824623,24.79009,1500.5859,60
9/7/2019 2:00:00 PM,992.5332,10.903292,24.655302,1820.9716,60
9/7/2019 3:00:00 PM,1008.18256,10.809332,24.584013,1837.5474,60
9/7/2019 4:00:00 PM,340.1205,10.966775,24.93069,1120.0037,60
9/7/2019 5:00:00 PM,1159.5997,10.809647,23.678446,2014.4663,60
9/7/2019 6:00:00 PM,782.735,10.864085,23.149294,1609.7236,60
9/7/2019 7:00:00 PM,1483.6166,10.80208,21.517956,2327.7732,60
9/7/2019 8:00:00 PM,1240.2238,10.691219,20.47272,2076.387,60
9/7/2019 9:00:00 PM,1131.2937,10.728642,20.198162,1964.9203,60
9/7/2019 10:00:00 PM,358.26764,10.961137,19.730148,1150.001,60
9/7/2019 11:00:00 PM,237.86005,10.89842,19.133636,782.3531,51.75
9/8/2019 12:00:00 AM,239.85112,9.262222,17.092747,235.08151,17.466667
9/8/2019 1:00:00 AM,323.25824,8.879498,16.921186,302.351,19.05
9/8/2019 2:00:00 AM,296.66068,8.86976,15.713068,227.84955,15.033334
9/8/2019 3:00:00 AM,0,9.132664,14.741621,0,0
9/8/2019 4:00:00 AM,265.77512,8.950051,14.909954,171.75545,11.916667
9/8/2019 5:00:00 AM,0,9.143516,14.616049,0,0
9/8/2019 6:00:00 AM,329.04938,9.157758,16.100231,530.601,33.35
9/8/2019 7:00:00 AM,426.1606,9.383747,17.997494,1131.3108,60
9/8/2019 8:00:00 AM,866.00165,9.362318,19.139845,1420.0773,56.15
9/8/2019 9:00:00 AM,386.40775,9.701145,20.58435,1096.1603,60
9/8/2019 10:00:00 AM,982.97015,9.776295,21.829418,1714.1909,60
9/8/2019 11:00:00 AM,1143.8746,9.774918,23.13225,1860.8936,60
9/8/2019 12:00:00 PM,954.3259,9.824945,23.464605,1698.4998,60
9/8/2019 1:00:00 PM,961.04236,9.812091,24.88543,1697.5938,60
9/8/2019 2:00:00 PM,646.974,9.840759,25.194172,1405.8112,60
9/8/2019 3:00:00 PM,481.3822,9.8624525,24.955097,1181.3954,58.766666
9/8/2019 4:00:00 PM,493.4007,9.725191,23.821054,1233.6023,60
9/8/2019 5:00:00 PM,926.2502,9.763002,22.89323,1651.8171,60
9/8/2019 6:00:00 PM,826.3798,9.772305,22.191093,1520.1278,60
9/8/2019 7:00:00 PM,1047.7537,9.710203,21.643976,1746.7255,60
9/8/2019 8:00:00 PM,1060.9059,9.769371,21.205036,1751.0813,60
9/8/2019 9:00:00 PM,1188.1116,9.75726,20.928202,1810.3351,58.766666
9/8/2019 10:00:00 PM,321.443,9.83934,20.429039,960.2008,57.366665
9/8/2019 11:00:00 PM,312.6013,9.870257,20.226877,915.82477,55.566666
9/9/2019 12:00:00 AM,319.4379,9.90967,20.184124,526.7335,31.716667
9/9/2019 1:00:00 AM,264.48096,9.926872,19.284496,386.04276,25.416666
9/9/2019 2:00:00 AM,242.95174,9.86658,19.544365,54.665894,3.9
9/9/2019 3:00:00 AM,0,10.069753,18.941372,0,0
9/9/2019 4:00:00 AM,0,10.050274,18.76667,0,0
9/9/2019 5:00:00 AM,261.6899,9.84097,18.586979,184.32849,12.333333
9/9/2019 6:00:00 AM,284.73502,9.807179,18.172523,404.23468,25.916666
9/9/2019 7:00:00 AM,1409.0627,9.70314,19.057892,2075.0916,60
9/9/2019 8:00:00 AM,1289.2876,9.709356,19.781473,1974.7842,60
9/9/2019 9:00:00 AM,1137.0073,9.68799,20.566906,1851.2175,60
9/9/2019 10:00:00 AM,1615.4832,9.866654,22.801027,2270.867,60
9/9/2019 11:00:00 AM,1585.6646,9.830969,23.860125,2242.0542,60
9/9/2019 12:00:00 PM,1573.4647,10.105627,24.367855,2263.3252,60
9/9/2019 1:00:00 PM,1176.8187,10.15881,24.306473,1910.6229,60
9/9/2019 2:00:00 PM,997.2983,10.144775,24.461502,1724.3073,60
9/9/2019 3:00:00 PM,1547.8391,10.027476,24.328775,2235.9436,60
9/9/2019 4:00:00 PM,637.68994,10.260125,24.684769,1383.7941,60
9/9/2019 5:00:00 PM,1394.404,10.172402,23.480513,2116.8557,60
9/9/2019 6:00:00 PM,933.0784,10.156158,23.063953,1656.0696,60
9/9/2019 7:00:00 PM,1281.0919,10.233785,21.790403,2007.0048,60
9/9/2019 8:00:00 PM,1597.359,10.080979,20.71074,2292.2344,60
9/9/2019 9:00:00 PM,1637.2649,10.227161,20.47543,2338.71,60
9/9/2019 10:00:00 PM,1074.6327,10.303552,20.092505,1809.5343,60
9/9/2019 11:00:00 PM,362.24234,10.231841,19.210459,1079.4202,59.333332
9/10/2019 12:00:00 AM,265.3708,10.18449,18.464666,553.40063,36.6
9/10/2019 1:00:00 AM,254.34663,10.027825,15.983007,196.47023,13.066667
9/10/2019 2:00:00 AM,256.5906,9.950016,14.185085,173.92088,11.633333
9/10/2019 3:00:00 AM,0,10.159116,12.1737795,0,0
9/10/2019 4:00:00 AM,274.4693,10.042595,12.23266,157.0577,9.916667
9/10/2019 5:00:00 AM,252.10194,9.913995,14.6316185,49.08052,3.3833334
9/10/2019 6:00:00 AM,258.73468,9.9838295,14.40667,460.8539,30.666666
9/10/2019 7:00:00 AM,1186.3236,9.8867,17.56359,1874.6384,60
9/10/2019 8:00:00 AM,1637.902,9.821611,19.100836,2295.855,60
9/10/2019 9:00:00 AM,1334.3407,9.855754,20.586185,2030.2748,60
9/10/2019 10:00:00 AM,1624.2913,9.980753,21.922325,2293.7266,60
9/10/2019 11:00:00 AM,1444.6056,10.08144,22.639303,2153.6284,60
9/10/2019 12:00:00 PM,1494.3677,10.306414,23.0754,2223.9365,60
9/10/2019 1:00:00 PM,980.4751,10.276865,23.792707,1718.4808,60
9/10/2019 2:00:00 PM,654.7119,10.3248205,24.042017,1369.6797,60
9/10/2019 3:00:00 PM,1311.9967,10.182524,23.359892,2047.0734,60
9/10/2019 4:00:00 PM,581.024,10.294049,23.659698,1315.9775,60
9/10/2019 5:00:00 PM,1520.1431,10.22894,22.521864,2245.8865,60
9/10/2019 6:00:00 PM,735.11206,10.272471,22.566046,1475.2623,60
9/10/2019 7:00:00 PM,1149.5874,10.249214,21.232704,1897.3395,60
9/10/2019 8:00:00 PM,1594.8586,10.230682,20.327766,2309.5085,60
9/10/2019 9:00:00 PM,1605.4933,10.311646,19.786005,2328.779,60
9/10/2019 10:00:00 PM,1061.316,9.969303,19.186804,1775.8938,60
9/10/2019 11:00:00 PM,297.42743,10.017916,18.499945,858.59546,53.516666
9/11/2019 12:00:00 AM,217.20007,9.97452,17.6943,422.49188,31.733334
9/11/2019 1:00:00 AM,258.83673,10.017603,16.941156,342.66464,22.85
9/11/2019 2:00:00 AM,0,10.048439,13.678879,0,0
9/11/2019 3:00:00 AM,329.3935,10.022341,14.985424,274.90594,16.083334
9/11/2019 4:00:00 AM,0,10.038669,13.516445,0,0
9/11/2019 5:00:00 AM,0,10.121471,12.362219,0,0
9/11/2019 6:00:00 AM,424.6138,10.044334,15.602817,516.23785,26.533333
9/11/2019 7:00:00 AM,1517.048,9.924241,18.677624,2214.8853,60
9/11/2019 8:00:00 AM,1168.4802,9.99956,19.444069,1879.8491,60
9/11/2019 9:00:00 AM,857.1536,10.018504,20.59433,1565.7992,60
9/11/2019 10:00:00 AM,1468.1249,11.097669,22.487442,2298.1294,60
9/11/2019 11:00:00 AM,1406.8851,11.168158,23.454184,2256.6897,60
9/11/2019 12:00:00 PM,1396.75,10.509541,23.917498,2173.7583,60
9/11/2019 1:00:00 PM,1078.2104,10.557442,24.28004,1853.6393,60
9/11/2019 2:00:00 PM,694.5958,10.575332,24.80596,1456.5831,60
9/11/2019 3:00:00 PM,754.3508,10.419282,24.677944,1502.3411,60
9/11/2019 4:00:00 PM,1090.0875,10.594569,23.817411,1872.4603,60
9/11/2019 5:00:00 PM,1434.9514,10.591212,23.13068,2219.1392,60
9/11/2019 6:00:00 PM,870.39667,10.431711,22.831907,1635.5308,60
9/11/2019 7:00:00 PM,1472.5131,10.643757,21.603151,2215.3645,60
9/11/2019 8:00:00 PM,1399.8911,11.019443,20.791655,2239.2063,60
9/11/2019 9:00:00 PM,1438.4246,10.859116,20.463243,2224.2864,59.333332
9/11/2019 10:00:00 PM,674.5581,9.404861,19.320673,1270.8135,58.383335
9/11/2019 11:00:00 PM,340.57492,9.268309,18.557621,935.9274,57.65
9/12/2019 12:00:00 AM,251.3146,9.24652,17.861204,520.91486,38.083332
9/12/2019 1:00:00 AM,225.05643,9.257654,16.842184,374.42386,29.45
9/12/2019 2:00:00 AM,271.6087,9.260912,16.036915,176.15977,12.35
9/12/2019 3:00:00 AM,212.58049,9.256334,15.145335,196.74376,16
9/12/2019 4:00:00 AM,0,9.394577,13.800599,0,0
9/12/2019 5:00:00 AM,321.8556,9.264141,14.957328,268.63843,16.616667
9/12/2019 6:00:00 AM,382.47076,10.249527,16.311197,515.329,28.766666
9/12/2019 7:00:00 AM,1554.6875,10.0599985,18.328506,2260.6765,60
9/12/2019 8:00:00 AM,1533.7749,10.077226,19.289186,2247.7366,60
9/12/2019 9:00:00 AM,1383.3026,10.018649,20.739435,2111.0586,60
9/12/2019 10:00:00 AM,1380.2501,11.002159,22.539875,2174.5886,60
9/12/2019 11:00:00 AM,1192.212,11.132543,23.681076,2023.6398,60
9/12/2019 12:00:00 PM,1077.2543,11.165847,24.554256,1918.8741,60
9/12/2019 1:00:00 PM,680.09625,11.197638,25.600113,1509.6902,60
9/12/2019 2:00:00 PM,653.543,11.20173,25.561512,1427.6703,57.816666
9/12/2019 3:00:00 PM,737.71686,11.117532,25.228605,1546.8438,60
9/12/2019 4:00:00 PM,914.8791,11.0325365,24.52046,1694.7438,60
9/12/2019 5:00:00 PM,736.59845,10.9612255,24.305151,1511.8236,60
9/12/2019 6:00:00 PM,1352.4595,10.804853,23.037973,2165.8518,60
9/12/2019 7:00:00 PM,1400.8356,10.883005,21.757614,2164.637,59.716667
9/12/2019 8:00:00 PM,1213.7306,11.069996,21.00963,2027.2886,60
9/12/2019 9:00:00 PM,1469.1566,11.224335,20.917797,2320.7263,60
9/12/2019 10:00:00 PM,497.61542,10.395888,20.314127,1091.5723,55.166668
9/12/2019 11:00:00 PM,349.27078,10.334732,19.786142,1035.9192,58.816666
9/13/2019 12:00:00 AM,318.73862,10.429644,18.767006,392.41727,23.533333
9/13/2019 1:00:00 AM,226.1508,9.581166,17.672985,398.13596,30.316668
9/13/2019 2:00:00 AM,0,9.74233,15.591949,0,0
9/13/2019 3:00:00 AM,0,9.752139,14.4954,0,0
9/13/2019 4:00:00 AM,287.0097,9.583536,15.521866,230.72188,15.35
9/13/2019 5:00:00 AM,311.37192,9.596575,15.32387,286.42313,18
9/13/2019 6:00:00 AM,358.40787,10.390883,15.55298,328.7452,19.683332
9/13/2019 7:00:00 AM,1468.1515,10.200919,18.033506,2203.3713,60
9/13/2019 8:00:00 AM,1528.1985,10.955654,19.61552,2277.573,60
9/13/2019 9:00:00 AM,903.3019,11.253951,21.161041,1761.1252,60
9/13/2019 10:00:00 AM,1425.2166,11.287694,22.666494,2288.2698,60
9/13/2019 11:00:00 AM,1247.1534,11.307431,23.71835,2127.2312,60
9/13/2019 12:00:00 PM,1326.921,11.296959,24.275513,2197.68,60
9/13/2019 1:00:00 PM,694.4597,11.391427,25.30207,1529.358,60
9/13/2019 2:00:00 PM,317.1182,11.398966,26.34189,1076.27,60
9/13/2019 3:00:00 PM,1181.3075,11.442484,24.883228,2061.3064,60
9/13/2019 4:00:00 PM,694.3385,10.879718,24.942415,1415.7623,57.266666
9/13/2019 5:00:00 PM,1401.1731,10.537899,22.94246,2188.3357,60
9/13/2019 6:00:00 PM,1253.3654,10.786642,22.505388,2073.9546,60
9/13/2019 7:00:00 PM,937.3055,11.103298,21.522797,1772.4506,59.983334
9/13/2019 8:00:00 PM,1315.088,11.42546,20.613152,2099.0232,58.966667
9/13/2019 9:00:00 PM,1389.4688,11.748611,20.630955,2313.3147,60
9/13/2019 10:00:00 PM,661.6026,10.576629,19.987934,1420.9781,59.45
9/13/2019 11:00:00 PM,257.8943,10.078265,19.006329,812.5919,56.133335
9/14/2019 12:00:00 AM,194.20906,10.076191,18.767977,309.20587,24.016666
9/14/2019 1:00:00 AM,310.7947,9.296889,17.919834,312.67316,19.6
9/14/2019 2:00:00 AM,283.5799,9.28022,17.512573,206.67702,13.933333
9/14/2019 3:00:00 AM,263.84415,9.243636,16.802952,197.45436,13.9
9/14/2019 4:00:00 AM,0,9.458692,15.656206,0,0
9/14/2019 5:00:00 AM,223.78271,9.225997,16.944937,294.70935,22.133333
9/14/2019 6:00:00 AM,380.70953,10.345792,18.191694,468.80157,25
9/14/2019 7:00:00 AM,1121.3516,10.102949,19.348488,1881.4363,60
9/14/2019 8:00:00 AM,1446.8708,10.067193,20.365623,2215.1306,60
9/14/2019 9:00:00 AM,809.77844,10.246678,21.409891,1577.9685,60
9/14/2019 10:00:00 AM,1469.8324,10.391193,22.531382,2265.5425,60
9/14/2019 11:00:00 AM,1425.8276,10.4030905,23.969614,2227.4995,60
9/14/2019 12:00:00 PM,1014.02814,10.497729,22.926113,1812.1456,60
9/14/2019 1:00:00 PM,777.5278,10.527196,23.871176,1555.7913,60
9/14/2019 2:00:00 PM,1192.2893,10.580735,23.750217,1999.9357,60
9/14/2019 3:00:00 PM,766.84424,10.5175295,24.458082,1553.6794,60
9/14/2019 4:00:00 PM,1048.7921,10.646859,23.237835,1860.744,60
9/14/2019 5:00:00 PM,685.19586,10.635235,23.734074,1482.6418,60
9/14/2019 6:00:00 PM,833.076,10.537441,22.766853,1641.2994,60
9/14/2019 7:00:00 PM,1030.1404,10.417095,21.313025,1817.827,60
9/14/2019 8:00:00 PM,1336.2861,10.272372,20.581264,2124.7988,60
9/14/2019 9:00:00 PM,823.6282,10.401086,20.69214,1583.4236,60
9/14/2019 10:00:00 PM,303.4346,10.407909,20.74242,801.1169,49.333332
9/14/2019 11:00:00 PM,316.7005,10.186845,19.385744,899.70966,53.266666
9/15/2019 12:00:00 AM,297.37958,10.149342,18.886795,410.93903,26.35
9/15/2019 1:00:00 AM,322.80066,10.165396,18.47106,295.32742,18.116667
9/15/2019 2:00:00 AM,0,10.03162,16.099598,0,0
9/15/2019 3:00:00 AM,0,10.040465,15.02208,0,0
9/15/2019 4:00:00 AM,321.63937,10.135527,16.298107,246.622,14.633333
9/15/2019 5:00:00 AM,269.82678,10.086626,15.5703945,247.47346,16.5
9/15/2019 6:00:00 AM,288.5355,10.130365,15.944545,342.8452,21.883333
9/15/2019 7:00:00 AM,512.68097,10.033782,17.466156,1118.0719,53.55
9/15/2019 8:00:00 AM,892.9455,9.974765,19.134731,1578.4126,58.35
9/15/2019 9:00:00 AM,406.855,9.985412,20.887281,1003.85547,53.366665
9/15/2019 10:00:00 AM,515.173,9.918597,22.497679,1306.0199,60
9/15/2019 11:00:00 AM,547.9687,10.0416565,24.005224,1354.9169,60
9/15/2019 12:00:00 PM,517.7972,9.922584,24.658789,1305.8634,60
9/15/2019 1:00:00 PM,538.4763,9.985494,25.207018,1332.837,60
9/15/2019 2:00:00 PM,508.3994,9.929632,25.278568,1290.5538,60
9/15/2019 3:00:00 PM,797.6416,9.924496,24.682064,1565.348,60
9/15/2019 4:00:00 PM,698.02136,9.998341,24.121208,1423.3623,60
9/15/2019 5:00:00 PM,919.603,9.936504,23.607685,1697.8296,60
9/15/2019 6:00:00 PM,655.74817,9.917166,22.70023,1432.4269,60
9/15/2019 7:00:00 PM,986.53174,9.699883,20.880293,1724.9335,60
9/15/2019 8:00:00 PM,1103.8751,9.865792,19.565403,1819.598,60
9/15/2019 9:00:00 PM,855.0427,9.842901,19.185417,1577.7649,60
9/15/2019 10:00:00 PM,392.14862,9.958022,18.76863,1002.68567,56.883335
9/15/2019 11:00:00 PM,209.51648,9.963248,17.924646,612.23315,49.766666
9/16/2019 12:00:00 AM,445.18298,10.026964,18.091908,497.50244,25.766666
9/16/2019 1:00:00 AM,374.58777,9.88,16.932741,426.55643,23.45
9/16/2019 2:00:00 AM,0,10.072662,15.430578,0,0
9/16/2019 3:00:00 AM,337.306,9.819188,13.558445,161.03911,9.35
9/16/2019 4:00:00 AM,0,9.999126,13.207714,0,0
9/16/2019 5:00:00 AM,408.492,9.802639,13.610914,218.57204,11.716666
9/16/2019 6:00:00 AM,304.75583,9.927326,14.785092,436.36084,27.05
9/16/2019 7:00:00 AM,1749.5322,9.725516,17.71199,2382.8066,60
9/16/2019 8:00:00 AM,1729.008,10.098883,19.374466,2425.5715,60
9/16/2019 9:00:00 AM,1152.01,10.1831665,20.80494,1864.8433,58.966667
9/16/2019 10:00:00 AM,1744.095,10.284547,22.355585,2455.0303,60
9/16/2019 11:00:00 AM,1764.2753,10.234343,23.216988,2459.9048,60
9/16/2019 12:00:00 PM,1694.8905,10.374381,23.73253,2425.387,60
9/16/2019 1:00:00 PM,1284.7404,10.265883,24.091082,2051.6667,60
9/16/2019 2:00:00 PM,1262.1959,10.323767,24.394144,2015.3693,60
9/16/2019 3:00:00 PM,1284.8375,10.254866,23.674223,2058.8306,60
9/16/2019 4:00:00 PM,1140.4164,10.354661,23.545124,1929.5728,60
9/16/2019 5:00:00 PM,1266.5792,10.232234,22.720964,2037.7936,60
9/16/2019 6:00:00 PM,1500.5446,10.186497,21.949986,2238.0596,60
9/16/2019 7:00:00 PM,1446.1566,10.359421,20.403645,2235.7046,60
9/16/2019 8:00:00 PM,1687.7543,10.159293,19.294785,2392.9778,60
9/16/2019 9:00:00 PM,1852.6067,10.212452,19.210226,2535.194,60
9/16/2019 10:00:00 PM,420.4932,10.296954,18.703962,1152.1355,59.7
9/16/2019 11:00:00 PM,391.82886,10.165139,18.284178,1041.5914,56.633335
9/17/2019 12:00:00 AM,210.53343,10.399634,17.382837,345.36093,25.75
9/17/2019 1:00:00 AM,373.70596,10.211259,16.391907,381.638,20.75
9/17/2019 2:00:00 AM,389.14972,10.292138,15.6421585,248.01599,13
9/17/2019 3:00:00 AM,358.24948,10.191563,14.059526,222.07979,13.033334
9/17/2019 4:00:00 AM,0,10.279099,11.87679,0,0
9/17/2019 5:00:00 AM,378.99017,10.30649,14.286844,327.38803,17.716667
9/17/2019 6:00:00 AM,550.3017,10.306564,16.1316,610.4828,26.366667
9/17/2019 7:00:00 AM,1807.915,10.152524,18.607283,2491.3342,60
9/17/2019 8:00:00 AM,1148.9165,10.097232,19.176117,1914.5905,60
9/17/2019 9:00:00 AM,1347.5166,10.147045,20.395285,2060.2397,59.8
9/17/2019 10:00:00 AM,1815.024,10.632811,22.205305,2539.4885,60
9/17/2019 11:00:00 AM,1502.1311,11.134444,23.525066,2365.5347,60
9/17/2019 12:00:00 PM,876.20496,11.084496,24.614191,1760.815,60
9/17/2019 1:00:00 PM,1111.0016,11.229681,25.111246,1989.3215,60
9/17/2019 2:00:00 PM,735.3639,10.581998,25.315552,1570.6808,60
9/17/2019 3:00:00 PM,1190.0967,10.303911,24.04558,1953.294,60
9/17/2019 4:00:00 PM,1329.2181,10.719273,24.262568,2140.6392,60
9/17/2019 5:00:00 PM,902.3044,10.732509,23.7976,1736.033,60
9/17/2019 6:00:00 PM,1590.9628,10.540521,22.459661,2372.1045,60
9/17/2019 7:00:00 PM,1596.4885,10.6524315,21.133913,2393.3723,60
9/17/2019 8:00:00 PM,1471.458,11.06915,20.626907,2314.5728,60
9/17/2019 9:00:00 PM,1740.0928,11.317522,20.60175,2584.6235,60
9/17/2019 10:00:00 PM,760.21515,10.603668,19.77598,1512.709,57.7
9/17/2019 11:00:00 PM,293.15628,10.071187,18.511644,827.0186,52.65
9/18/2019 12:00:00 AM,412.2506,9.055686,16.430347,385.69244,21.833334
9/18/2019 1:00:00 AM,348.93112,8.289603,15.586309,295.29663,19.066668
9/18/2019 2:00:00 AM,338.14743,8.148738,14.615745,213.21007,14.183333
9/18/2019 3:00:00 AM,0,8.234632,12.567796,0,0
9/18/2019 4:00:00 AM,355.90784,8.113758,12.623667,152.60965,9.783334
9/18/2019 5:00:00 AM,323.08173,8.097882,12.344064,108.90209,7.3166666
9/18/2019 6:00:00 AM,339.26068,10.177284,15.30712,564.90784,33.583332
9/18/2019 7:00:00 AM,1413.9655,10.250482,17.852797,2150.7202,60
9/18/2019 8:00:00 AM,1664.4923,10.883058,19.505312,2462.3506,60
9/18/2019 9:00:00 AM,1227.5137,10.98401,20.812513,2075.4912,60
9/18/2019 10:00:00 AM,1652.7167,11.027943,22.341776,2477.1003,60
9/18/2019 11:00:00 AM,1595.302,10.9716425,23.474749,2423.1938,60
9/18/2019 12:00:00 PM,1552.4155,11.094702,24.444471,2393.6206,60
9/18/2019 1:00:00 PM,540.2657,11.1596,26.034042,1416.9749,60
9/18/2019 2:00:00 PM,1128.3173,11.099714,25.671148,1975.7173,60
9/18/2019 3:00:00 PM,958.8258,11.1596155,25.276846,1775.7336,59.933334
9/18/2019 4:00:00 PM,624.2851,10.92427,25.549824,1469.3329,60
9/18/2019 5:00:00 PM,1197.1606,11.071439,24.036627,2070.6987,60
9/18/2019 6:00:00 PM,1153.7484,11.022414,23.22523,2024.3834,60
9/18/2019 7:00:00 PM,1003.24884,10.990576,21.48247,1885.7719,60
9/18/2019 8:00:00 PM,1687.1631,10.906091,20.78095,2495.2622,60
9/18/2019 9:00:00 PM,1823.8113,11.47189,20.932821,2660.0525,60
9/18/2019 10:00:00 PM,480.65524,12.157494,20.94763,1301.3242,58.2
9/18/2019 11:00:00 PM,317.7146,12.192795,20.502851,924.25494,50.45
9/19/2019 12:00:00 AM,258.9917,11.8128195,19.809626,351.0815,22.4
9/19/2019 1:00:00 AM,533.8727,8.321646,17.63313,377.34674,18.966667
9/19/2019 2:00:00 AM,515.66144,8.090959,16.679092,149.28214,7.633333
9/19/2019 3:00:00 AM,461.28864,8.145505,17.21171,92.32654,5.2166667
9/19/2019 4:00:00 AM,0,8.11977,16.259918,0,0
9/19/2019 5:00:00 AM,487.5175,8.177604,16.533672,266.77963,14.416667
9/19/2019 6:00:00 AM,521.5113,9.646022,17.665077,710.6963,35.716667
9/19/2019 7:00:00 AM,1599.862,10.194369,19.890026,2292.5303,60
9/19/2019 8:00:00 AM,1201.296,11.309398,20.98872,2035.0895,59.733334
9/19/2019 9:00:00 AM,939.2474,11.890434,22.18564,1883.1904,60
9/19/2019 10:00:00 AM,1514.6095,11.303072,23.310198,2393.079,60
9/19/2019 11:00:00 AM,1412.1516,11.63831,24.324375,2339.412,60
9/19/2019 12:00:00 PM,1351.8656,11.361786,24.87067,2258.94,60
9/19/2019 1:00:00 PM,677.33685,11.374465,25.829649,1578.3667,60
9/19/2019 2:00:00 PM,838.05707,11.35898,25.77449,1714.674,60
9/19/2019 3:00:00 PM,968.38446,11.281957,25.26135,1812.147,60
9/19/2019 4:00:00 PM,1177.5891,11.309958,24.88278,2054.7769,60
9/19/2019 5:00:00 PM,453.72308,11.284935,24.965998,1299.0681,59.9
9/19/2019 6:00:00 PM,1119.8093,11.229916,23.23773,1988.1138,60
9/19/2019 7:00:00 PM,799.28265,11.36937,21.507278,1698.5355,60
9/19/2019 8:00:00 PM,1613.6383,11.260409,20.640604,2482.0703,60
9/19/2019 9:00:00 PM,1432.6221,11.177614,20.579794,2264.4526,60
9/19/2019 10:00:00 PM,387.33185,11.06991,20.519968,1165.8293,58.666668
9/19/2019 11:00:00 PM,403.73926,10.050819,20.135525,1091.9109,57.35
9/20/2019 12:00:00 AM,257.06628,9.173644,19.815657,521.7698,36.783333
9/20/2019 1:00:00 AM,384.8987,8.796501,19.06818,240.14917,14.733334
9/20/2019 2:00:00 AM,314.20004,8.759779,18.838413,214.93506,14
9/20/2019 3:00:00 AM,349.91006,8.790537,18.708935,154.63898,9.466666
9/20/2019 4:00:00 AM,357.64148,8.798395,18.316078,168.74562,10.2
9/20/2019 5:00:00 AM,0,8.950505,18.353289,0,0
9/20/2019 6:00:00 AM,322.6209,9.855043,18.283371,416.85355,26.716667
9/20/2019 7:00:00 AM,1372.6166,10.774446,19.58227,2186.3005,60
9/20/2019 8:00:00 AM,1345.0503,10.647458,20.332954,2145.0999,60
9/20/2019 9:00:00 AM,1565.7638,10.648153,21.405327,2360.8474,60
9/20/2019 10:00:00 AM,1589.8376,10.742234,22.788227,2394.7883,60
9/20/2019 11:00:00 AM,1537.7427,10.767199,23.849073,2348.44,60
9/20/2019 12:00:00 PM,1606.2181,10.819733,24.630278,2407.1172,60
9/20/2019 1:00:00 PM,824.7123,10.969276,25.982048,1693.0083,60
9/20/2019 2:00:00 PM,473.3874,11.011115,26.920095,1313.2362,60
9/20/2019 3:00:00 PM,855.91895,10.793389,25.94212,1705.5299,60
9/20/2019 4:00:00 PM,893.6266,10.928035,25.581507,1748.8326,60
9/20/2019 5:00:00 PM,1600.8639,10.834005,23.987934,2408.027,60
9/20/2019 6:00:00 PM,1424.7903,10.681654,23.046747,2253.5552,60
9/20/2019 7:00:00 PM,1260.7859,10.747226,21.578678,2096.3557,60
9/20/2019 8:00:00 PM,1713.3732,10.737111,20.806171,2495.0151,60
9/20/2019 9:00:00 PM,1738.2054,10.915961,20.60904,2535.8403,60
9/20/2019 10:00:00 PM,906.6246,10.923845,20.56537,1669.1992,59.45
9/20/2019 11:00:00 PM,530.3914,10.930877,20.78213,1404.2521,60
9/21/2019 12:00:00 AM,300.8669,10.920198,20.846098,693.1713,42.65
9/21/2019 1:00:00 AM,339.79153,10.891058,20.236149,628.9162,35.166668
9/21/2019 2:00:00 AM,0,11.111857,19.393244,0,0
9/21/2019 3:00:00 AM,369.49875,10.868737,18.814436,267.08173,14.033334
9/21/2019 4:00:00 AM,0,11.129537,17.932863,0,0
9/21/2019 5:00:00 AM,383.5978,10.827343,17.39467,473.91684,24.85
9/21/2019 6:00:00 AM,474.95273,10.729822,17.600876,587.2574,27.1
9/21/2019 7:00:00 AM,531.7015,10.722309,18.463682,1398.458,60
9/21/2019 8:00:00 AM,1270.9233,10.633001,19.382902,2079.6575,60
9/21/2019 9:00:00 AM,1001.93494,10.789175,20.808136,1818.5902,60
9/21/2019 10:00:00 AM,1712.7024,10.702996,21.994947,2485.5645,60
9/21/2019 11:00:00 AM,1396.9829,10.642934,23.00545,2226.2107,60
9/21/2019 12:00:00 PM,1454.8782,10.610472,23.778885,2259.2666,60
9/21/2019 1:00:00 PM,1112.7916,10.814964,24.934645,1933.7411,60
9/21/2019 2:00:00 PM,572.67194,10.814712,25.63872,1405.724,60
9/21/2019 3:00:00 PM,770.70795,10.821022,25.45369,1581.5144,60
9/21/2019 4:00:00 PM,1190.7546,10.745331,24.542631,1990.7465,60
9/21/2019 5:00:00 PM,481.69284,10.770926,24.70711,1309.9827,60
9/21/2019 6:00:00 PM,1152.2095,10.881461,22.811258,1983.9182,60
9/21/2019 7:00:00 PM,1002.6361,10.900376,21.262676,1847.881,60
9/21/2019 8:00:00 PM,890.3483,10.568336,20.26133,1732.3827,60
9/21/2019 9:00:00 PM,1442.0503,10.720907,20.154673,2215.95,60
9/21/2019 10:00:00 PM,869.02954,10.709582,19.926256,1679.2736,60
9/21/2019 11:00:00 PM,299.02124,10.882371,19.487175,861.9789,52.583332
9/22/2019 12:00:00 AM,429.03873,10.534698,18.518953,412.28946,21.166666
9/22/2019 1:00:00 AM,363.17587,10.491239,17.938227,270.9871,15.333333
9/22/2019 2:00:00 AM,371.85703,10.485067,17.466593,240.34244,12.8
9/22/2019 3:00:00 AM,363.92514,10.531176,17.480433,243.77654,13.133333
9/22/2019 4:00:00 AM,0,10.629416,16.077312,0,0
9/22/2019 5:00:00 AM,403.6846,10.57795,16.271967,217.81047,11.65
9/22/2019 6:00:00 AM,346.81763,10.536991,17.026697,445.22113,25.233334
9/22/2019 7:00:00 AM,1142.101,10.425958,18.6422,1402.3314,45.15
9/22/2019 8:00:00 AM,435.40414,10.424922,19.849085,1106.105,55.166668
9/22/2019 9:00:00 AM,506.87912,10.396679,21.41172,1333.1519,60
9/22/2019 10:00:00 AM,573.48456,10.646214,23.209623,1419.6288,60
9/22/2019 11:00:00 AM,1569.6006,10.389173,23.571941,2334.0088,60
9/22/2019 12:00:00 PM,955.5573,10.521019,25.159506,1743.8328,60
9/22/2019 1:00:00 PM,977.62354,10.5607605,26.319595,1720.1439,58.85
9/22/2019 2:00:00 PM,462.20535,10.448669,27.705713,1259.02,60
9/22/2019 3:00:00 PM,492.84668,10.283979,27.585155,1298.2747,60
9/22/2019 4:00:00 PM,507.84314,10.3585615,27.059381,1323.577,60
9/22/2019 5:00:00 PM,528.90546,10.424122,25.506676,1357.4218,60
9/22/2019 6:00:00 PM,1092.3445,10.263553,23.473429,1869.65,60
9/22/2019 7:00:00 PM,855.4864,10.662984,22.008795,1667.1029,60
9/22/2019 8:00:00 PM,1604.9926,10.505129,21.046425,2371.2085,60
9/22/2019 9:00:00 PM,873.4853,10.785379,20.625908,1643.2484,58.816666
9/22/2019 10:00:00 PM,411.09833,10.683701,20.006111,1020.00256,52.4
9/22/2019 11:00:00 PM,404.66495,10.927179,19.48137,1071.1547,54.383335
9/23/2019 12:00:00 AM,235.77036,10.722273,18.99011,433.59976,29.866667
9/23/2019 1:00:00 AM,296.30768,10.506878,18.19701,252.73853,16.4
9/23/2019 2:00:00 AM,293.4202,10.49302,17.576334,199.89047,13.3
9/23/2019 3:00:00 AM,0,10.552828,16.073757,0,0
9/23/2019 4:00:00 AM,413.2706,10.516798,16.533257,274.74985,14.566667
9/23/2019 5:00:00 AM,432.57462,10.630133,15.2604685,135.86087,6.55
9/23/2019 6:00:00 AM,350.0655,10.6170845,16.496328,413.9753,23.216667
9/23/2019 7:00:00 AM,1636.5654,10.371682,18.869123,2370.798,60
9/23/2019 8:00:00 AM,1145.5841,10.446681,19.363482,1925.7083,60
9/23/2019 9:00:00 AM,1400.6415,10.6501255,19.823792,2196.2244,60
9/23/2019 10:00:00 AM,1818.2565,10.842168,20.661882,2583.9844,60
9/23/2019 11:00:00 AM,1602.6735,10.993299,21.468445,2438.33,60
9/23/2019 12:00:00 PM,1657.2467,10.753819,22.121065,2448.7126,60
9/23/2019 1:00:00 PM,1699.9963,10.704311,22.707468,2473.8916,60
9/23/2019 2:00:00 PM,1087.2908,10.8541,23.34782,1937.4886,60
9/23/2019 3:00:00 PM,1023.1558,10.895699,23.397635,1884.162,60
9/23/2019 4:00:00 PM,1188.4143,10.735014,23.04117,2028.3596,60
9/23/2019 5:00:00 PM,1724.2759,10.682864,22.298035,2490.4602,60
9/23/2019 6:00:00 PM,1092.7433,11.002616,21.784544,1950.004,60
9/23/2019 7:00:00 PM,1591.6187,11.301978,20.710241,2462.3767,60
9/23/2019 8:00:00 PM,1719.9653,11.208644,20.24013,2559.145,60
9/23/2019 9:00:00 PM,1787.31,12.039426,20.332956,2700.152,60
9/23/2019 10:00:00 PM,1131.9814,9.5450115,19.06224,1840.2019,59.833332
9/23/2019 11:00:00 PM,396.73444,8.483912,17.94814,752.3355,44.6
9/24/2019 12:00:00 AM,365.58527,8.542262,17.097221,464.25888,28.2
9/24/2019 1:00:00 AM,417.37695,8.677279,17.251425,316.8954,17.8
9/24/2019 2:00:00 AM,372.60104,8.498824,16.491678,207.76337,13.183333
9/24/2019 3:00:00 AM,0,8.527226,15.814679,0,0
9/24/2019 4:00:00 AM,0,8.516314,16.072233,0,0
9/24/2019 5:00:00 AM,489.09805,8.569334,17.077562,290.60648,15.616667
9/24/2019 6:00:00 AM,343.31827,10.161294,17.927317,603.1848,36.716667
9/24/2019 7:00:00 AM,1445.6674,10.499845,19.038296,2131.7476,58.966667
9/24/2019 8:00:00 AM,1541.7437,11.097195,20.08852,2342.3499,60
9/24/2019 9:00:00 AM,1129.7047,11.2226305,20.667027,1999.7988,60
9/24/2019 10:00:00 AM,1670.3394,11.170192,21.169405,2512.3257,60
9/24/2019 11:00:00 AM,1670.1875,11.251253,21.94863,2518.1326,60
9/24/2019 12:00:00 PM,1366.4341,11.167367,22.711395,2257.5386,60
9/24/2019 1:00:00 PM,851.7692,11.255042,23.483982,1741.4177,60
9/24/2019 2:00:00 PM,846.1865,11.190183,23.905079,1716.4655,60
9/24/2019 3:00:00 PM,1165.0975,11.175009,23.618315,2045.259,60
9/24/2019 4:00:00 PM,1113.6948,11.147944,23.343811,1992.5012,60
9/24/2019 5:00:00 PM,1473.1779,10.985755,22.43619,2326.9846,60
9/24/2019 6:00:00 PM,1045.8275,11.219767,21.858206,1943.9417,60
9/24/2019 7:00:00 PM,1732.4899,11.102848,20.502247,2549.4124,60
9/24/2019 8:00:00 PM,1769.2087,11.753108,20.228325,2657.602,60
9/24/2019 9:00:00 PM,1643.2444,11.2743635,19.943922,2506.3145,60
9/24/2019 10:00:00 PM,844.6616,9.814617,19.107162,1570.0667,59.25
9/24/2019 11:00:00 PM,381.85324,9.6960535,19.19883,1019.4598,57.466667
9/25/2019 12:00:00 AM,442.42404,9.7990675,19.317236,685.8153,35.8
9/25/2019 1:00:00 AM,502.8519,9.230345,18.793427,752.31287,36.9
9/25/2019 2:00:00 AM,525.6615,9.40919,19.136936,171.21988,8.216666
9/25/2019 3:00:00 AM,389.3913,9.191057,17.723637,202.24083,12.116667
9/25/2019 4:00:00 AM,0,9.22611,16.777819,0,0
9/25/2019 5:00:00 AM,360.7292,9.185531,17.229784,243.44402,15.1
9/25/2019 6:00:00 AM,357.41803,10.925311,18.260311,691.3192,39.2
9/25/2019 7:00:00 AM,1287.8727,11.113763,19.349073,2107.8157,59.966667
9/25/2019 8:00:00 AM,1051.0011,11.264137,20.148228,1926.4108,60
9/25/2019 9:00:00 AM,1489.6836,11.352625,20.691984,2372.5654,60
9/25/2019 10:00:00 AM,1670.8286,11.332441,21.315166,2530.1914,60
9/25/2019 11:00:00 AM,1521.6624,11.474443,22.894905,2413.5618,60
9/25/2019 12:00:00 PM,1543.0483,11.181651,22.614351,2392.1594,60
9/25/2019 1:00:00 PM,1305.8887,10.983412,23.568834,2147.733,60
9/25/2019 2:00:00 PM,914.1818,11.142011,23.985662,1795.9655,60
9/25/2019 3:00:00 PM,938.1695,11.058002,23.60966,1816.6649,60
9/25/2019 4:00:00 PM,911.54285,11.024091,23.286934,1744.6603,60
9/25/2019 5:00:00 PM,627.0726,11.043087,23.058321,1506.2452,60
9/25/2019 6:00:00 PM,1561.8472,10.884642,21.896952,2390.2046,60
9/25/2019 7:00:00 PM,1076.3291,11.053601,21.184254,1943.1477,60
9/25/2019 8:00:00 PM,1537.8162,11.517277,21.085262,2429.8762,60
9/25/2019 9:00:00 PM,1653.3575,11.674781,20.978485,2556.886,60
9/25/2019 10:00:00 PM,541.5298,10.600149,20.116013,1274.1279,57.483334
9/25/2019 11:00:00 PM,358.09357,9.913994,19.174273,1006.16473,57.766666
9/26/2019 12:00:00 AM,290.78958,10.014372,18.743156,425.1646,27.583334
9/26/2019 1:00:00 AM,444.73056,8.929564,16.993326,239.32402,12.616667
9/26/2019 2:00:00 AM,373.4269,8.7570915,16.314302,377.7826,22.383333
9/26/2019 3:00:00 AM,0,8.968377,15.813316,0,0
9/26/2019 4:00:00 AM,362.78735,8.849792,14.8289995,181.63875,10.733334
9/26/2019 5:00:00 AM,353.51492,8.802752,14.734431,167.40056,10.1
9/26/2019 6:00:00 AM,263.27036,10.295677,16.042257,678.0887,45.366665
9/26/2019 7:00:00 AM,1323.8125,10.951849,17.972586,1944.2292,54.633335
9/26/2019 8:00:00 AM,1705.9812,11.246162,19.387491,2549.419,60
9/26/2019 9:00:00 AM,1216.5568,11.383882,20.750702,2099.2063,60
9/26/2019 10:00:00 AM,1574.9575,11.666531,22.132322,2487.8906,60
9/26/2019 11:00:00 AM,1314.8777,11.721455,23.019348,2267.0503,60
9/26/2019 12:00:00 PM,1348.607,11.729264,23.577288,2296.9233,60
9/26/2019 1:00:00 PM,998.549,11.62383,24.40453,1926.8846,60
9/26/2019 2:00:00 PM,759.43494,11.613795,24.890053,1666.5851,60
9/26/2019 3:00:00 PM,1089.9327,11.511763,24.410662,1995.2877,60
9/26/2019 4:00:00 PM,1283.5784,11.548957,23.772491,2168.56,60
9/26/2019 5:00:00 PM,967.52026,11.645112,23.809412,1889.2295,60
9/26/2019 6:00:00 PM,1059.7595,11.519893,22.781012,1965.2023,60
9/26/2019 7:00:00 PM,1615.5652,11.295636,21.260275,2486.208,60
9/26/2019 8:00:00 PM,1638.6521,11.313453,20.858692,2503.2285,60
9/26/2019 9:00:00 PM,1670.0714,11.625655,20.69845,2567.7036,60
9/26/2019 10:00:00 PM,521.93915,11.832338,20.283758,1435.4111,60
9/26/2019 11:00:00 PM,328.1795,11.952493,19.8514,866.3567,47.466667
9/27/2019 12:00:00 AM,323.92358,11.813463,19.003977,658.34314,35.583332
9/27/2019 1:00:00 AM,303.0431,11.434398,19.11771,240.99031,14.333333
9/27/2019 2:00:00 AM,320.20343,10.855052,16.228882,160.86606,9.066667
9/27/2019 3:00:00 AM,0,10.983482,16.16883,0,0
9/27/2019 4:00:00 AM,0,11.074645,14.62381,0,0
9/27/2019 5:00:00 AM,367.30505,10.82754,15.771879,288.14822,15.116667
9/27/2019 6:00:00 AM,464.4542,10.842521,16.313776,362.85068,16.833334
9/27/2019 7:00:00 AM,1329.0586,10.808711,18.845629,2151.079,60
9/27/2019 8:00:00 AM,1237.8793,10.528108,19.754208,2053.305,60
9/27/2019 9:00:00 AM,1093.736,10.739037,20.950184,1915.7013,60
9/27/2019 10:00:00 AM,1683.907,10.713449,22.299448,2464.7861,60
9/27/2019 11:00:00 AM,1613.1189,10.7306595,23.326923,2410.4917,60
9/27/2019 12:00:00 PM,1193.0311,10.485593,24.144993,1981.2576,60
9/27/2019 1:00:00 PM,715.77515,10.762066,25.327675,1552.8744,60
9/27/2019 2:00:00 PM,632.8572,10.737181,25.108086,1472.4121,60
9/27/2019 3:00:00 PM,1169.2937,10.606936,24.907917,1747.4187,53.633335
9/27/2019 4:00:00 PM,1329.927,10.474885,23.93428,2127.5322,60
9/27/2019 5:00:00 PM,1416.7292,10.487394,23.62365,2217.086,60
9/27/2019 6:00:00 PM,1212.328,10.519106,22.47977,2041.3628,60
9/27/2019 7:00:00 PM,1099.6449,10.492383,21.229061,1932.9323,60
9/27/2019 8:00:00 PM,1698.18,10.395183,20.636984,2444.3792,60
9/27/2019 9:00:00 PM,1747.977,10.429288,20.379948,2484.7925,60
9/27/2019 10:00:00 PM,950.201,10.65024,20.081804,1759.9412,60
9/27/2019 11:00:00 PM,396.23224,10.640889,19.50203,1033.1699,53.483334
9/28/2019 12:00:00 AM,222.92093,10.5002365,18.850574,400.2418,28.633333
9/28/2019 1:00:00 AM,395.581,10.40312,18.321585,224.3441,11.6
9/28/2019 2:00:00 AM,372.78592,10.344219,17.693596,344.18448,18.75
9/28/2019 3:00:00 AM,344.95108,10.522655,17.1698,216.05084,11.95
9/28/2019 4:00:00 AM,323.4717,10.471127,16.689444,168.6183,9.7
9/28/2019 5:00:00 AM,348.26587,10.385298,16.57883,212.53575,11.8
9/28/2019 6:00:00 AM,367.04288,10.512991,17.353132,505.56152,27.766666
9/28/2019 7:00:00 AM,1293.4188,10.409267,18.8147,1930.1925,57.216667
9/28/2019 8:00:00 AM,1665.2661,10.386936,19.799997,2407.6785,60
9/28/2019 9:00:00 AM,994.7166,10.410324,20.67507,1802.5376,60
9/28/2019 10:00:00 AM,1621.9323,10.139016,21.70437,2349.797,60
9/28/2019 11:00:00 AM,1593.084,10.39409,22.748823,2354.254,60
9/28/2019 12:00:00 PM,1361.7792,10.365916,23.543444,2141.8892,60
9/28/2019 1:00:00 PM,913.09686,10.546235,24.28033,1735.6238,60
9/28/2019 2:00:00 PM,616.42883,10.379621,24.830135,1447.5392,60
9/28/2019 3:00:00 PM,1095.6166,10.325634,23.896788,1883.0703,60
9/28/2019 4:00:00 PM,1025.0223,10.484077,23.56633,1840.9772,60
9/28/2019 5:00:00 PM,813.70984,10.445967,23.093092,1642.6902,60
9/28/2019 6:00:00 PM,816.9643,10.480903,22.016218,1658.3407,60
9/28/2019 7:00:00 PM,1122.5507,10.41735,20.341118,1925.6741,60
9/28/2019 8:00:00 PM,1791.5841,9.761713,19.632256,2426.453,60
9/28/2019 9:00:00 PM,869.63574,10.092389,19.606272,1657.0847,60
9/28/2019 10:00:00 PM,466.8925,10.13775,19.24272,1199.6145,58.233334
9/28/2019 11:00:00 PM,392.76434,10.009653,18.840672,1062.2129,57.633335
9/29/2019 12:00:00 AM,268.24603,10.116599,18.299015,550.2475,36.883335
9/29/2019 1:00:00 AM,397.52228,9.895699,17.516083,283.68332,15.1
9/29/2019 2:00:00 AM,327.1763,10.044605,16.996126,155.95856,9.15
9/29/2019 3:00:00 AM,0,10.150274,14.910951,0,0
9/29/2019 4:00:00 AM,362.8367,9.940481,15.436914,220.76207,12.25
9/29/2019 5:00:00 AM,325.1158,9.971047,15.293949,161.20964,9.483334
9/29/2019 6:00:00 AM,405.60498,9.916764,17.012678,434.82623,22.883333
9/29/2019 7:00:00 AM,437.2985,9.932477,17.880234,1049.8514,53.1
9/29/2019 8:00:00 AM,831.83453,10.063659,18.36685,1634.5095,60
9/29/2019 9:00:00 AM,515.0618,10.0605,19.12873,1295.8561,58.9
9/29/2019 10:00:00 AM,890.3507,9.968642,20.650026,1683.4211,60
9/29/2019 11:00:00 AM,1095.8606,10.096256,21.86383,1862.3616,60
9/29/2019 12:00:00 PM,1255.5886,10.11343,22.751698,2014.0797,60
9/29/2019 1:00:00 PM,506.6077,10.257237,23.927849,1319.7078,60
9/29/2019 2:00:00 PM,518.09875,10.118777,24.048876,1328.2362,60
9/29/2019 3:00:00 PM,511.73932,10.308869,23.83618,1305.3895,59.116665
9/29/2019 4:00:00 PM,488.24094,10.263397,23.536917,1297.0387,60
9/29/2019 5:00:00 PM,485.44846,10.049269,22.524624,1264.872,59.75
9/29/2019 6:00:00 PM,551.20636,10.397322,21.197987,1388.6702,60
9/29/2019 7:00:00 PM,1083.2953,10.505514,19.930964,1886.6812,60
9/29/2019 8:00:00 PM,1470.6298,11.153925,19.96378,2328.8435,60
9/29/2019 9:00:00 PM,1105.9391,11.062578,19.883144,1936.8365,60
9/29/2019 10:00:00 PM,392.76102,9.447494,18.77924,930.16864,52.183334
9/29/2019 11:00:00 PM,273.7226,9.53662,17.837433,622.5515,42.25
9/30/2019 12:00:00 AM,481.4508,9.40326,16.818178,328.15085,16.416666
9/30/2019 1:00:00 AM,486.3459,9.409342,16.285746,347.30496,17.116667
9/30/2019 2:00:00 AM,0,9.520845,14.587302,0,0
9/30/2019 3:00:00 AM,0,9.517372,13.06697,0,0
9/30/2019 4:00:00 AM,428.1762,9.494512,14.156609,232.31085,12.316667
9/30/2019 5:00:00 AM,0,9.56701,12.698379,0,0
9/30/2019 6:00:00 AM,295.10687,10.375586,14.466066,571.8589,37.366665
9/30/2019 7:00:00 AM,1643.6349,11.116935,17.890173,2486.441,60
9/30/2019 8:00:00 AM,1556.2296,10.979771,18.737888,2392.941,60
9/30/2019 9:00:00 AM,1103.027,11.2291975,19.424837,1937.2034,59.216667
9/30/2019 10:00:00 AM,1700.5454,11.31371,20.57917,2555.248,60
9/30/2019 11:00:00 AM,1697.3348,11.523294,21.246529,2574.1543,60
9/30/2019 12:00:00 PM,1626.1744,11.707627,21.736044,2538.5984,60
9/30/2019 1:00:00 PM,1541.776,11.588299,21.998451,2456.1042,60
9/30/2019 2:00:00 PM,1085.1874,11.499273,22.466356,1983.1268,60
9/30/2019 3:00:00 PM,1426.7125,11.439031,22.320665,2329.7766,60
9/30/2019 4:00:00 PM,1473.5725,11.653227,22.183561,2401.0676,60
9/30/2019 5:00:00 PM,1010.5392,11.561747,21.95806,1896.2554,60
9/30/2019 6:00:00 PM,1621.6643,11.480686,20.785307,2512.8257,60
9/30/2019 7:00:00 PM,1637.5038,11.548226,20.146751,2534.0886,60
9/30/2019 8:00:00 PM,1634.2441,12.14407,20.252161,2598.2876,60
9/30/2019 9:00:00 PM,1150.5323,12.365172,20.044714,2117.3606,60
9/30/2019 10:00:00 PM,421.6576,11.45548,18.881266,1251.8209,59.683334
9/30/2019 11:00:00 PM,364.40915,9.98257,17.355875,1011.4306,56.616665
